countries,n_edits_million,n_users,bing_n_edits_million,bing_n_edits_proportion,bing_n_users,bing_n_users_proportion,esri_n_edits_million,esri_n_users,maxar_n_edits_million,maxar_n_users,mapbox_n_edits_million,mapbox_n_users,mapillary_n_edits_million,mapillary_n_users
[ABW],0.033993,448,0.003313,0.09746124202041596,68,0.15178571428571427,0.0008,35,0.005103,48,0.000103,10,0.000173,6
[AFG],3.472995,4129,0.793293,0.22841754739065273,481,0.11649309760232501,0.315211,461,1.872709,537,0.011683,72,0.000142,10
[AGO],0.913158,2367,0.095967,0.10509353255405963,378,0.1596958174904943,0.051511,215,0.189792,377,0.015242,52,0.019989,48
[AIA],0.017795,192,0.002266,0.12733914020792358,37,0.19270833333333334,0.001731,10,0.002878,29,3.2e-05,6,,
[ALA],0.186264,506,0.008447,0.04534961130438517,103,0.20355731225296442,0.000798,27,0.00067,18,0.000196,16,0.000102,6
[ALB],0.612679,2267,0.224196,0.3659273453145938,334,0.14733127481252756,0.07375,199,0.04286,194,0.007821,64,0.008738,78
[AND],0.057623,588,0.010038,0.17420127379692138,71,0.12074829931972789,0.001151,19,0.000479,17,7.7e-05,6,1.6e-05,5
[ARE],3.836869,3515,0.130336,0.03396936408305835,445,0.12660028449502134,0.385345,341,1.7149,423,0.01551,70,0.139391,179
[ARG],10.552797,8871,0.814855,0.07721696911254902,990,0.11159959418329388,0.695637,504,0.898794,572,0.157731,197,0.095616,208
[ARM],1.049301,2044,0.125029,0.11915456098869628,212,0.10371819960861056,0.073806,188,0.135049,262,0.009682,33,0.012241,26
[ASM],0.012485,168,0.003405,0.27272727272727276,37,0.22023809523809523,0.003617,17,0.002423,36,0.000116,6,9e-06,1
[ATA],0.081706,501,0.005386,0.06591927153452623,73,0.14570858283433133,0.000492,20,0.003378,26,1.9e-05,4,7e-06,3
[ATF],0.013485,228,0.005075,0.3763440860215053,50,0.21929824561403508,0.000658,19,0.001558,27,0.000269,9,,
[ATG],0.011337,272,0.003379,0.29805063067830995,56,0.20588235294117646,0.002025,34,0.001334,42,0.000974,6,0.001138,13
[AUS],19.841921,15074,4.250255,0.21420582210764777,2317,0.15370837203131218,0.898369,537,0.479062,387,0.131275,183,0.498148,319
[AUT],10.620669,18558,0.635813,0.0598656261672405,1491,0.08034270934367928,0.085445,443,0.054863,217,0.010598,120,0.264001,243
[AZE],1.250786,2161,0.093682,0.07489850382079749,278,0.12864414622859788,0.0475,254,0.322475,329,0.004002,60,0.000459,35
[BDI],1.165961,2521,0.225294,0.19322601699370734,218,0.0864736215787386,0.019353,132,0.202797,217,0.001258,18,0.000111,7
[BEL],14.63074,14270,3.636645,0.24856193193235615,1307,0.09159074982480729,0.119776,252,0.006334,92,0.003617,81,0.305678,308
[BEN],0.644005,1834,0.239389,0.3717191636710895,476,0.2595419847328244,0.024219,202,0.231594,399,0.001834,28,0.000429,14
[BES],0.013016,208,0.004278,0.3286724031960664,31,0.14903846153846154,0.000428,17,0.000602,23,6e-06,2,2.2e-05,3
[BFA],1.132074,3432,0.338449,0.2989636719861069,370,0.10780885780885781,0.071541,248,0.273061,428,0.009066,34,0.000533,17
[BGD],5.863475,17669,1.847045,0.31500859132169917,1186,0.06712321014205672,0.296987,525,0.988893,1097,0.049612,202,0.006185,94
[BGR],2.258302,3603,0.313012,0.13860502271175423,461,0.1279489314460172,0.202892,242,0.10538,225,0.016706,93,0.047887,108
[BHR],0.23766,662,0.038083,0.16024152150130438,149,0.22507552870090636,0.078579,161,0.117459,154,0.00969,30,0.081911,106
[BHS],0.149007,668,0.099563,0.668176662841343,145,0.21706586826347304,0.084293,77,0.067613,72,0.075002,22,0.006255,18
[BIH],2.573119,2530,0.804095,0.3124981782809112,420,0.16600790513833993,0.513702,236,0.333887,225,0.117936,77,0.009047,92
[BLM],0.033595,168,0.003722,0.11079029617502605,41,0.24404761904761904,0.000491,13,0.000785,20,0.000316,9,3.5e-05,6
[BLR],9.269725,5575,0.181848,0.019617410440978564,421,0.07551569506726458,0.925028,193,1.516521,316,0.025977,82,0.062935,85
[BLZ],0.436913,1296,0.019559,0.04476634936474767,169,0.13040123456790123,0.070371,106,0.060856,218,0.001496,25,0.009994,26
[BMU],0.064367,219,0.008002,0.12431836189351689,44,0.2009132420091324,0.002584,32,0.001524,27,0.011213,13,0.000308,10
[BOL],2.680334,3198,0.15591,0.058168123823374246,479,0.14978111319574733,0.115832,302,0.184414,323,0.026256,79,0.104788,158
[BRA],35.415548,39205,6.19364,0.17488477094862404,4003,0.10210432342813416,3.798841,1745,10.365695,1976,0.530236,821,0.621478,1168
[BRB],0.310609,1032,0.015282,0.049200119764720274,115,0.11143410852713179,0.011079,91,0.099387,106,0.000423,14,0.002158,31
[BRN],0.073163,568,0.008981,0.1227533042658174,89,0.15669014084507044,0.022083,76,0.015852,145,0.000287,15,0.000616,40
[BTN],0.54998,1037,0.187247,0.34046147132623,188,0.18129218900675023,0.052043,109,0.24877,190,0.070372,27,0.000253,3
[BVT],0.000197,47,1.1e-05,0.05583756345177665,5,0.10638297872340426,8e-06,4,1.3e-05,4,,,,
[BWA],1.821578,11043,0.620413,0.34059096014554413,575,0.05206918409852395,0.010302,147,0.106631,328,0.002281,37,0.001672,39
[CAF],1.15193,3458,0.140969,0.12237635967463303,316,0.0913823019086177,0.04855,154,0.429333,318,0.014327,38,0.000263,8
[CAN],44.515255,22774,5.682485,0.12765253169952637,2743,0.12044436638271713,3.299718,822,0.404028,483,0.258871,353,0.381899,485
[CCK],0.001518,77,0.000606,0.3992094861660079,16,0.2077922077922078,1.5e-05,5,0.000448,13,0.000292,1,,
[CHE],11.325463,16295,0.591045,0.05218727040121893,1502,0.09217551396133783,0.24612,408,0.077464,184,0.02777,144,0.088317,214
[CHL],6.573079,5458,1.077944,0.1639937691301139,795,0.14565775009160864,1.759703,444,1.982001,422,0.168918,173,1.399982,231
[CHN],26.386436,13928,3.231046,0.12245101991038124,1671,0.11997415278575531,1.925308,624,4.816352,763,0.300931,294,0.021602,167
[CIV],1.477544,2585,0.503073,0.3404792006194063,480,0.18568665377176016,0.308321,424,0.27305,430,0.047575,49,0.000596,34
[CMR],2.868863,3696,0.930737,0.3244271336763031,723,0.1956168831168831,0.564121,454,0.438426,548,0.218228,114,0.016489,34
[COD],10.579592,11504,0.699025,0.0660729638723308,1234,0.10726703755215578,0.305185,615,5.611848,1110,0.119602,214,0.001842,46
[COG],0.350427,900,0.106753,0.304636914393012,185,0.20555555555555555,0.137207,124,0.030243,206,0.012525,29,2.4e-05,4
[COK],0.008854,135,0.002674,0.3020103907838265,25,0.18518518518518517,0.000121,8,0.001697,16,,,4.2e-05,3
[COL],7.068607,18851,1.513331,0.21409182884265598,1576,0.0836029918837197,0.941814,929,0.968059,920,0.03715,244,0.450808,626
[COM],0.043093,375,0.006556,0.15213607778525515,66,0.176,0.002678,29,0.028988,91,2.9e-05,6,1.6e-05,2
[CP],0.000588,49,2.1e-05,0.03571428571428571,7,0.14285714285714285,1.9e-05,3,3.9e-05,2,,,,
[CPV],0.165925,637,0.009187,0.055368389332529765,119,0.18681318681318682,0.012062,66,0.02641,86,0.000252,7,0.000217,5
[CRI],0.79884,2659,0.056874,0.07119573381403034,401,0.15080857465212485,0.048178,255,0.05959,292,0.005487,80,0.010298,114
[CUB],1.293757,3944,0.141769,0.10957931048875484,354,0.08975659229208925,0.015126,196,0.116773,309,0.058064,90,0.00372,30
[CUW],0.068792,673,0.026206,0.38094545877427605,127,0.1887072808320951,0.011341,87,0.005181,128,0.001856,32,0.006488,58
[CXR],0.001535,77,0.000293,0.1908794788273616,17,0.22077922077922077,5.8e-05,7,0.000252,9,1e-06,1,7.6e-05,2
[CYM],0.016481,235,0.004161,0.252472544141739,62,0.26382978723404255,0.000579,39,0.003306,43,2.9e-05,4,0.000162,7
[CYP],1.12577,2382,0.181886,0.16156586158806863,333,0.1397984886649874,0.037982,192,0.13958,227,0.00604,49,0.045646,105
[CZE],11.587637,9766,1.824896,0.1574864659636818,1167,0.11949621134548433,0.072413,264,0.469561,280,0.331844,165,0.050337,128
[DEU],103.212657,106340,17.18625,0.16651300818658318,9198,0.0864961444423547,7.849619,2310,1.352645,1150,1.204233,1074,3.874398,1642
[DJI],0.443566,540,0.173484,0.39111203293309227,151,0.2796296296296296,0.044404,106,0.016821,74,0.000244,8,3.7e-05,5
[DMA],0.005897,253,0.000933,0.15821604205528234,51,0.2015810276679842,6.2e-05,9,0.000441,23,2.1e-05,4,4.2e-05,7
[DNK],12.527475,6842,0.858516,0.06853064963210861,799,0.11677871967261035,0.038488,191,0.007585,135,0.013446,78,0.144667,180
[DOM],0.464146,2524,0.091376,0.19686908860574043,478,0.18938193343898574,0.077124,322,0.086609,415,0.008278,107,0.006413,109
[DZA],6.263277,4331,3.718306,0.593667819577515,646,0.1491572385130455,0.122953,377,0.53001,499,0.264732,132,0.003619,65
[ECU],2.317474,9014,0.396,0.1708757034598878,1251,0.13878411360106502,0.596822,620,0.383288,549,0.013996,122,0.117131,350
[EGY],5.577478,6025,0.445995,0.07996356059136404,762,0.12647302904564314,0.786341,535,0.611641,581,0.063524,217,0.011279,103
[ERI],0.278607,442,0.069456,0.2492973974092539,104,0.23529411764705882,0.007445,58,0.017353,118,0.000984,11,1e-06,1
[ESP],26.660118,28103,2.124217,0.07967770435224629,2198,0.0782122905027933,0.409603,670,0.123973,355,0.066119,241,0.152111,387
[EST],2.474583,2113,0.207302,0.08377249823505617,252,0.11926171320397538,0.017165,123,0.00237,48,0.000267,20,0.010185,46
[ETH],2.040875,5513,0.315998,0.15483456850615543,582,0.10556865590422637,0.227531,406,0.49523,667,0.008909,88,0.000732,31
[FIN],9.576734,7996,0.883758,0.09228177372369328,1032,0.12906453226613307,0.03242,256,0.036261,203,0.034131,129,0.122429,122
[FJI],0.408367,1398,0.065239,0.15975580788849247,195,0.13948497854077252,0.011223,92,0.102725,217,0.004131,38,0.002692,34
[FLK],0.050674,279,0.030393,0.5997750325610767,49,0.17562724014336917,0.006385,28,0.001766,42,0.000152,8,0.000117,6
[FRA],71.824634,63962,3.259166,0.04537671573794584,4910,0.07676432882023701,0.872026,852,0.51945,581,0.137656,454,0.864413,947
[FRO],0.195014,415,0.001555,0.007973786497379676,65,0.1566265060240964,0.00108,54,0.001284,41,3.8e-05,7,9.6e-05,11
[FSM],0.034304,304,0.00809,0.23583255597014924,62,0.20394736842105263,0.004396,40,0.004085,24,0.013744,42,5e-05,2
[GAB],0.570867,847,0.365574,0.6403838372160241,183,0.21605667060212513,0.011937,132,0.132937,171,0.00166,15,0.000169,4
[GBR],52.474078,39502,18.105522,0.3450374487761367,5162,0.13067692775049364,1.451672,973,0.542289,666,1.16638,472,0.793756,802
[GEO],1.789361,3943,0.170668,0.09537930020828664,373,0.09459802181080396,0.3098,295,0.146079,349,0.012632,86,0.012616,74
[GGY],0.015145,335,0.001725,0.11389897655992076,46,0.1373134328358209,0.00195,21,0.000535,17,4e-06,3,1.1e-05,2
[GHA],2.458808,4253,0.886187,0.3604132571554997,1254,0.2948506936280273,0.608486,661,0.330973,611,0.024464,169,0.024546,131
[GIB],0.010971,248,0.00074,0.06745055145383283,30,0.12096774193548387,5.9e-05,7,0.00011,8,4e-06,1,0.000129,2
[GIN],0.994685,2079,0.497423,0.5000809301437138,511,0.24579124579124578,0.113877,254,0.266476,444,0.013739,57,0.001261,16
[GLP],0.200944,882,0.019827,0.09866928099370968,203,0.23015873015873015,0.001427,76,0.042027,126,0.00343,45,0.003244,40
[GMB],0.949501,911,0.122624,0.12914573023093182,228,0.2502744237102086,0.027246,107,0.041321,137,0.000803,15,0.000967,12
[GNB],0.059723,377,0.014384,0.2408452355039097,101,0.26790450928381965,0.001079,36,0.019572,95,0.000205,4,5e-06,1
[GNQ],0.20646,1056,0.016283,0.07886757725467403,101,0.09564393939393939,0.012054,81,0.068457,142,0.00144,8,0.000117,3
[GRC],6.918511,8967,0.987478,0.1427298446154093,1163,0.12969778075164493,1.089065,493,1.152649,512,0.022242,142,0.133951,308
[GRD],0.095941,716,0.055795,0.5815553308804369,128,0.1787709497206704,0.002929,36,0.001214,25,6.2e-05,9,4e-06,2
[GRL],0.088351,724,0.022912,0.25932926622222724,155,0.21408839779005526,0.003978,34,0.008175,50,4e-05,11,7.3e-05,5
[GTM],4.945852,27089,0.256685,0.05189904590756051,643,0.023736572040311564,0.331366,394,1.584956,738,0.017403,144,0.075879,188
[GUF],0.177638,715,0.018889,0.10633423028856438,151,0.2111888111888112,0.007839,66,0.011264,113,0.000543,27,0.00799,45
[GUM],0.050376,315,0.004998,0.09921391138637446,69,0.21904761904761905,0.001347,27,0.000705,23,0.001151,12,0.000324,5
[GUY],0.366648,2347,0.128001,0.34911140930811024,240,0.10225820195994888,0.012142,117,0.034153,196,0.002642,41,0.00198,32
[HKG],0.888008,1960,0.209163,0.23554179692074845,208,0.10612244897959183,0.014606,127,0.030469,202,0.003934,28,0.004423,55
[HMD],0.00032,62,0.000117,0.365625,17,0.27419354838709675,2.2e-05,7,4.9e-05,7,1e-06,1,,
[HND],1.910806,13776,0.22597,0.11825899646536593,498,0.03614982578397213,0.144816,310,0.122052,406,0.00981,86,0.022477,85
[HRV],3.054737,5863,0.688998,0.22555067752150187,714,0.12178065836602422,0.02078,207,0.032798,155,0.00583,59,0.03251,89
[HTI],0.822267,3492,0.096755,0.11766859183209347,441,0.12628865979381443,0.074586,225,0.180644,363,0.158442,264,0.001676,32
[HUN],7.659486,6995,1.418728,0.18522496157052837,728,0.10407433881343817,0.517356,252,0.54817,243,0.056576,102,0.0882,148
[IDN],37.872493,53890,8.69436,0.22956925492071514,4320,0.08016329560215253,4.443012,1899,14.661129,2580,1.033598,924,0.181231,806
[IMN],0.137659,468,0.015804,0.11480542499945516,85,0.18162393162393162,0.007517,21,0.000781,18,0.000165,5,0.012219,14
[IND],34.368811,63700,4.414065,0.12843228705235105,4530,0.07111459968602826,2.6816,1507,8.157166,1665,0.226603,497,0.055401,426
[IOT],0.002906,75,0.000876,0.30144528561596695,21,0.28,0.000733,8,0.001356,9,0.000531,2,,
[IRL],9.414862,5130,3.142503,0.33378110056206883,752,0.14658869395711502,1.342258,271,0.15345,169,0.07687,80,0.232589,148
[IRN],4.962476,14801,0.384909,0.07756390156849122,1230,0.08310249307479224,0.297095,431,0.307345,566,0.066161,141,0.012357,157
[IRQ],3.35119,16007,0.510951,0.15246852610565204,586,0.03660898356968826,0.342666,336,0.39729,459,0.009839,79,0.004395,55
[ISL],0.467766,1677,0.087033,0.1860609792075525,238,0.1419200954084675,0.014089,120,0.085589,116,0.026559,28,0.000445,29
[ISR],3.056959,4419,0.028198,0.009224199604901473,338,0.07648789318850419,0.004509,83,0.006699,90,0.001228,32,0.005478,28
[ITA],32.367709,37575,5.891144,0.1820068266184672,3383,0.09003326679973386,3.209832,915,0.411703,482,0.228968,396,0.76091,636
[JAM],1.552083,7462,0.331294,0.21345121362710626,404,0.05414098097024926,0.022338,160,0.122281,246,0.008006,58,0.001459,27
[JEY],0.039693,351,0.004699,0.11838359408459931,52,0.14814814814814814,0.00109,23,0.000704,22,3.3e-05,2,0.00062,8
[JOR],0.260626,1866,0.043661,0.1675235778471833,236,0.1264737406216506,0.016148,142,0.043396,174,0.002872,29,0.000716,32
[JPN],36.643573,20074,6.788175,0.18524872015073418,2016,0.1004284148649995,2.077722,391,0.809511,310,0.129747,144,0.410375,240
[KAZ],5.240758,4144,1.029931,0.1965232891883197,591,0.14261583011583012,0.406409,410,0.586735,520,0.1136,150,0.006896,80
[KEN],8.088225,14206,3.264356,0.4035936191191516,2224,0.15655356891454314,0.282216,699,1.224703,1022,0.079937,203,0.044452,80
[KGZ],0.549871,2583,0.07616,0.13850521304087687,266,0.10298102981029811,0.053088,171,0.054932,265,0.022449,32,9e-05,18
[KHM],0.617815,2557,0.125193,0.20263833024449066,454,0.17755181853734844,0.136019,414,0.147549,604,0.013478,111,0.007157,65
[KIR],0.074522,480,0.001685,0.022610772657738653,60,0.125,0.000188,24,0.043636,82,0.000305,14,6.5e-05,4
[KNA],0.015115,248,0.001057,0.0699305325835263,51,0.2056451612903226,0.000518,27,0.000762,37,5e-05,4,0.000115,13
[KOR],6.809092,5997,0.585457,0.08598165511642375,670,0.11172252793063198,0.848375,265,0.667021,270,0.22523,89,0.003779,68
[KWT],0.492499,807,0.013021,0.026438632362705303,136,0.16852540272614622,0.088591,168,0.111291,172,0.001834,35,0.009821,68
[LAO],0.382527,2185,0.03349,0.08754937559963087,314,0.14370709382151028,0.06282,258,0.040252,348,0.000643,45,0.000288,17
[LBN],1.636447,5592,0.444404,0.27156638742348516,510,0.09120171673819742,0.310158,298,0.173627,284,0.029298,33,0.000537,20
[LBR],0.461953,902,0.080591,0.17445714174385704,199,0.22062084257206208,0.0182,126,0.215413,228,0.010608,17,0.000157,10
[LBY],2.096471,10273,0.285417,0.1361416399272873,712,0.0693078944806775,0.061351,313,0.449444,875,0.01511,79,0.002017,28
[LCA],0.095992,773,0.031683,0.3300587548962414,163,0.2108667529107374,0.001839,57,0.006534,59,0.001462,14,0.002433,34
[LIE],0.081333,546,0.00655,0.08053311693900385,41,0.07509157509157509,0.00082,17,0.00089,9,4.7e-05,4,0.000518,5
[LKA],2.807121,8027,0.953816,0.33978442682021903,1418,0.176653793447116,0.207027,470,0.358301,482,0.028593,148,0.001775,63
[LSO],0.502752,785,0.256747,0.5106831996690218,205,0.2611464968152866,0.045545,111,0.014345,186,0.016101,30,0.001975,10
[LTU],4.304881,2563,0.404075,0.09386438324311404,242,0.0944206008583691,0.487756,100,0.241261,101,0.00165,18,0.042985,44
[LUX],1.28421,2049,0.068161,0.053076210277135355,186,0.09077598828696926,0.012034,67,0.000966,20,0.000415,24,0.005049,37
[LVA],3.971113,2641,0.379165,0.0954807883835086,332,0.1257099583491102,0.036355,160,0.057749,119,0.000692,25,0.059427,65
[MAC],0.10859,375,0.000268,0.0024679988949258677,37,0.09866666666666667,0.003242,50,0.002381,74,7.3e-05,6,0.000972,26
[MAF],0.005097,205,0.00054,0.10594467333725721,31,0.15121951219512195,0.000279,17,0.00078,20,0.000276,7,0.00018,1
[MAR],2.843465,10173,0.265935,0.0935249774482893,892,0.08768308266981224,0.740124,986,0.240362,506,0.009096,170,0.023715,152
[MCO],0.016054,369,0.001067,0.06646318674473652,31,0.08401084010840108,3.5e-05,6,2.4e-05,4,1e-05,2,0.000201,3
[MDA],2.701281,2156,0.039733,0.014708947347573244,248,0.1150278293135436,0.016756,184,0.043144,232,0.024352,49,0.009108,93
[MDG],9.446663,7855,1.849286,0.19576076758533675,723,0.09204328453214514,0.08193,208,6.209012,829,0.016377,98,0.004404,23
[MDV],0.085103,751,0.014228,0.16718564562941376,116,0.15446071904127828,0.00567,60,0.004413,52,0.000426,15,0.000589,8
[MEX],18.694108,13822,2.13535,0.11422582987110162,2147,0.15533207929387932,2.401111,1382,6.433505,1340,0.388307,482,0.320889,918
[MHL],0.009613,166,0.002907,0.30240299594299386,45,0.2710843373493976,0.000816,16,0.002246,21,8e-05,6,0.00051,3
[MKD],0.362348,1498,0.027786,0.07668318853698655,229,0.15287049399198932,0.01508,148,0.018984,163,0.001877,35,0.001596,56
[MLI],3.720648,5285,1.015883,0.27303926627834724,719,0.1360454115421003,0.062743,319,0.84947,768,0.090669,98,0.00161,34
[MLT],0.269258,1153,0.053661,0.19929212873897897,151,0.13096270598438856,0.022973,123,0.009203,96,0.001065,12,0.003509,62
[MMR],4.724325,7290,0.936824,0.19829795790933094,1008,0.1382716049382716,1.929105,817,0.622957,685,0.084054,205,0.003915,73
[MNE],0.438982,2025,0.088646,0.20193538687235468,260,0.12839506172839507,0.028612,199,0.109131,188,0.001558,39,0.005599,73
[MNG],1.876277,5845,0.045765,0.02439138783878926,312,0.05337895637296835,0.097014,306,0.141014,341,0.012133,63,0.008314,76
[MNP],0.007885,202,0.001211,0.1535827520608751,50,0.24752475247524752,0.000489,19,0.002577,17,3.3e-05,6,0.000114,1
[MOZ],3.540648,7856,1.050952,0.2968247620209634,959,0.12207230142566192,0.196028,465,0.430304,592,0.102309,190,0.000789,27
[MRT],0.779267,4478,0.165747,0.21269603358027478,452,0.10093791871371148,0.03527,173,0.055186,235,0.005003,42,0.002325,17
[MSR],0.00288,99,0.000357,0.12395833333333332,13,0.13131313131313133,0.000198,8,0.00066,11,2.9e-05,2,1.1e-05,2
[MTQ],0.197353,720,0.009782,0.04956600609060922,175,0.24305555555555555,0.000855,44,0.007508,113,0.003962,59,0.00168,26
[MUS],0.161359,1041,0.011575,0.07173445546886136,168,0.16138328530259366,0.009998,138,0.028703,166,0.003182,15,0.000203,25
[MWI],3.461416,9587,0.29639,0.0856268070639299,596,0.06216751851465526,0.330037,336,0.719986,602,0.021198,72,0.000701,23
[MYS],6.520967,6566,1.154511,0.17704598106385144,1156,0.17605848309473043,1.504608,1000,2.152789,1223,0.108445,368,0.229686,386
[MYT],0.578852,555,0.008407,0.01452357424695777,111,0.2,0.001693,35,0.001551,57,0.022118,22,0.124379,29
[NAM],0.850778,2477,0.303524,0.356760518019977,351,0.14170367379895035,0.006803,149,0.101793,400,0.003779,36,0.001739,40
[NCL],0.100749,715,0.020719,0.20564968386782995,127,0.17762237762237762,0.001777,62,0.012811,99,0.000946,17,0.000591,20
[NER],1.46567,4618,0.36911,0.2518370438093159,626,0.13555651797314855,0.170786,449,0.236325,551,0.012215,55,0.002947,17
[NFK],0.001125,68,0.000288,0.256,17,0.25,1.3e-05,2,0.000158,11,2e-06,1,4.5e-05,1
[NGA],21.677729,23196,10.693405,0.4932899105805779,1946,0.08389377478875668,2.250816,1257,5.205176,1380,0.045743,276,0.008601,134
[NIC],1.246935,5794,0.650957,0.5220456559483855,333,0.05747324818778046,0.483323,196,0.168905,270,0.02337,52,0.011836,76
[NIU],0.002672,60,0.00022,0.08233532934131738,11,0.18333333333333332,2.1e-05,4,0.000315,10,,,,
[NLD],21.414217,17033,2.989204,0.13958969408033925,1757,0.10315270357541244,0.493294,361,0.022212,131,0.034692,113,0.636493,323
[NOR],14.107685,7086,0.297493,0.02108730099941982,873,0.12320067739204064,0.030346,205,0.026688,140,0.018208,78,0.104496,96
[NPL],9.040441,11969,2.014334,0.22281368796057627,1359,0.11354332024396357,0.559903,694,4.087533,1104,0.094957,228,0.031141,88
[NRU],0.01542,99,0.000667,0.04325551232166018,25,0.25252525252525254,0.000261,12,0.00131,11,5e-06,3,0.005655,2
[NZL],8.23908,4555,1.984346,0.24084557984629354,791,0.17365532381997806,1.474489,277,0.269569,141,0.003193,77,0.047758,78
[OMN],0.427985,1261,0.044374,0.10368120378050631,214,0.1697065820777161,0.079344,170,0.109852,204,0.004189,27,0.010932,34
[PAK],2.945561,6429,0.738945,0.2508673220483297,795,0.12365842277181521,0.644854,348,0.864798,613,0.086538,150,0.008623,75
[PAN],0.730023,1795,0.260748,0.3571777875491594,334,0.1860724233983287,0.059595,175,0.191599,239,0.016814,70,0.017843,67
[PCN],0.000693,56,0.000116,0.1673881673881674,13,0.23214285714285715,4.6e-05,2,5.1e-05,9,3e-05,1,,
[PER],4.82655,15230,0.679137,0.14070858066320663,1021,0.0670387393302692,0.376421,597,1.094452,629,0.031705,167,0.074527,328
[PHL],16.549869,31484,3.877101,0.2342677757751436,2297,0.072957692796341,2.596146,1290,4.900083,1818,0.62813,523,0.715403,583
[PLW],0.010101,150,0.002443,0.24185724185724183,31,0.20666666666666667,0.002858,14,0.00269,13,0.000151,6,7e-05,4
[PNG],1.044506,3384,0.279431,0.2675245522763871,475,0.14036643026004728,0.015134,145,0.106597,223,0.005582,43,0.011572,28
[POL],46.353175,27378,1.925088,0.04153087679538672,2371,0.08660238147417634,0.96769,451,0.177052,310,0.023853,193,0.362241,361
[PRI],0.294844,1253,0.063872,0.2166298110187082,250,0.19952114924181963,0.003395,81,0.004241,67,0.001859,41,0.004369,36
[PRK],1.525631,1027,0.396401,0.2598275729845553,229,0.22297955209347614,0.283401,79,0.827467,139,0.026195,25,0.000722,5
[PRT],8.494946,10375,1.316872,0.1550182896983689,1087,0.1047710843373494,0.829427,378,0.173499,258,0.297253,157,0.079138,180
[PRY],3.641312,2695,1.145107,0.3144764853986695,732,0.2716141001855288,0.403758,397,0.962501,520,0.03306,115,0.059004,154
[PYF],0.295583,985,0.01852,0.06265583609341538,165,0.16751269035532995,0.012868,102,0.023512,130,0.000664,36,0.004284,19
[QAT],0.847408,1568,0.10279,0.1212993032872005,226,0.1441326530612245,0.154023,266,0.377534,361,0.017332,55,0.076147,160
[REU],0.250548,1291,0.004993,0.019928317128853554,141,0.10921766072811774,0.004897,124,0.010928,161,0.007306,70,0.00597,95
[ROU],6.055934,7269,0.586388,0.09682866424898291,968,0.13316824872747282,0.431884,371,0.493735,406,0.050383,161,0.040831,164
[RUS],50.845594,39286,4.193855,0.08248217141489192,2587,0.0658504301786896,7.351524,1216,7.493651,1152,1.12405,632,0.101798,357
[RWA],1.347829,2830,0.038841,0.02881745384614814,259,0.09151943462897527,0.539344,329,0.118695,318,0.004443,33,0.000589,18
[SAU],3.005041,4598,0.744151,0.2476342252901042,640,0.13919095258808178,0.26572,285,0.412118,305,0.124907,146,0.018653,50
[SDN],3.898924,6773,0.969991,0.2487842799705765,631,0.09316403366307396,0.807783,536,0.389959,417,0.069273,91,0.000775,11
[SEN],1.99925,3526,0.897452,0.44889433537576595,636,0.18037436188315373,0.167016,285,0.391345,521,0.022943,61,0.000774,42
[SGP],0.855715,2419,0.045841,0.053570406034719506,313,0.12939231087226127,0.134167,233,0.077904,205,0.004756,81,0.004454,104
[SGS],0.004599,120,0.000661,0.1437268971515547,25,0.20833333333333334,0.00033,8,0.000974,18,2.8e-05,3,1.2e-05,1
[SHN],0.015106,233,0.002776,0.18376803918972592,44,0.1888412017167382,0.000545,16,0.000533,13,3.3e-05,4,,
[SJM],0.014914,314,0.000867,0.05813329757275044,43,0.13694267515923567,0.000712,24,0.000382,20,0.000362,7,4e-06,1
[SLB],0.141855,612,0.047652,0.3359204821825103,108,0.17647058823529413,0.034984,56,0.033903,52,0.041317,19,4.7e-05,1
[SLE],0.501033,1650,0.164607,0.3285352461813893,323,0.19575757575757577,0.015693,171,0.209645,341,0.014942,29,0.044048,41
[SLV],0.860772,6904,0.074729,0.08681625331679005,298,0.04316338354577057,0.043161,187,0.134178,332,0.008751,56,0.004103,53
[SMR],0.055148,284,0.001225,0.022212954232247766,33,0.11619718309859155,0.00073,10,0.00017,12,4.4e-05,3,0.000107,5
[SOM],3.645283,5026,0.616225,0.16904723172384695,608,0.12097095105451651,0.369147,440,1.117397,622,0.29458,197,0.000366,16
[SPM],0.033871,149,0.002272,0.06707803135425586,20,0.1342281879194631,4e-05,5,0.000554,13,7.1e-05,5,1.7e-05,1
[SRB],7.56313,4038,0.605814,0.08010096348998363,511,0.12654779593858345,0.535454,291,0.646627,377,0.090705,76,0.331252,140
[SSD],2.157234,6728,0.169554,0.07859787116279458,538,0.07996432818073722,0.098178,304,0.627755,687,0.013535,61,0.000686,13
[STP],0.021913,196,0.005347,0.2440104047825492,34,0.17346938775510204,0.001768,14,0.008377,36,6e-05,3,0.000395,4
[SUR],0.529957,2492,0.023747,0.044809295848531105,162,0.06500802568218299,0.021938,98,0.032133,181,0.001228,38,0.004544,36
[SVK],6.834502,5262,0.561037,0.08208893639946262,503,0.09559103002660585,0.027233,188,0.062208,135,0.005839,47,0.046846,93
[SVN],2.858008,3798,0.127664,0.0446688742648726,371,0.09768299104791996,0.023347,130,0.017113,64,0.001685,30,0.026462,46
[SWE],11.865944,11483,1.77136,0.14928100115759857,1759,0.15318296612383522,1.088833,543,0.62612,377,0.458925,259,0.094973,225
[SWZ],0.164812,574,0.023658,0.1435453729097396,152,0.26480836236933797,0.005077,98,0.035804,181,0.001349,39,0.000359,5
[SXM],0.007344,245,0.000798,0.10866013071895425,38,0.15510204081632653,0.000328,23,0.000866,28,9e-05,9,0.000383,17
[SYC],0.014801,463,0.001811,0.1223565975271941,63,0.13606911447084233,0.000205,18,0.001572,57,0.000297,5,2e-06,1
[SYR],2.021489,7877,0.137039,0.06779111832911285,386,0.04900342770090136,0.085976,218,0.699155,752,0.009527,45,0.000745,18
[TCA],0.004618,188,0.000637,0.13793850151580772,42,0.22340425531914893,0.000282,20,0.001173,33,0.000286,5,0.000116,5
[TCD],2.104,6406,0.493765,0.2346791825095057,515,0.0803933812051202,0.035195,226,0.444988,409,0.002551,48,0.001382,7
[TGO],1.404994,2779,0.580212,0.41296404112757773,423,0.15221302626844188,0.063098,193,0.531125,364,0.003159,46,0.00054,22
[THA],5.672762,9431,1.664488,0.29341756273222813,1158,0.12278655497826317,1.363166,606,2.591843,703,0.82839,310,0.10581,116
[TJK],0.798441,4048,0.056644,0.07094325065972314,297,0.07336956521739131,0.035911,171,0.208257,445,0.018348,40,0.000449,23
[TKL],0.001782,46,0.000197,0.11054994388327721,9,0.1956521739130435,5.6e-05,4,0.000832,9,0.000119,1,,
[TKM],0.774165,1314,0.176416,0.2278790697073621,163,0.12404870624048706,0.342238,139,0.026051,195,0.13324,25,0.024255,26
[TLS],0.690991,1534,0.110177,0.15944780756912896,208,0.13559322033898305,0.018811,111,0.200575,235,0.003563,21,0.000423,13
[TON],0.048012,325,0.010542,0.21957010747313171,84,0.25846153846153846,0.000733,36,0.001143,31,5.1e-05,5,0.000135,3
[TTO],0.194651,1292,0.010544,0.05416874303240158,173,0.13390092879256965,0.012218,125,0.03157,131,0.000873,27,0.003449,39
[TUN],1.127414,2170,0.24414,0.21654866801370218,326,0.15023041474654378,0.072197,225,0.112209,300,0.004699,51,0.003439,65
[TUR],11.668496,21443,1.396474,0.1196790057604682,1556,0.07256447325467519,0.681526,452,1.86407,1001,0.056699,188,0.05098,237
[TUV],0.002165,86,0.000545,0.2517321016166282,19,0.22093023255813954,0.000292,9,0.001147,16,8e-06,3,5e-06,1
[TWN],16.193248,6569,3.915988,0.2418284460288634,493,0.07504947480590653,3.939821,183,8.497575,140,0.015816,70,0.092351,63
[TZA],15.591233,13822,1.201586,0.07706805484851648,1253,0.09065258283895239,1.173731,810,6.5788,1203,0.032657,183,0.005148,98
[UGA],11.505037,9149,1.378095,0.11978188336117478,844,0.09225051918242431,0.389869,574,3.827493,865,0.071755,156,0.105731,78
[UKR],26.158861,16655,1.694606,0.06478133738315288,1259,0.07559291504052837,1.033008,539,2.64745,681,0.199411,279,0.055842,224
[UMI],0.003551,135,0.000862,0.24274852154322726,31,0.22962962962962963,0.00025,12,0.000294,12,3.8e-05,5,3e-06,1
[URY],0.851648,1426,0.038065,0.04469569587435185,215,0.15077138849929875,0.05345,135,0.071667,172,0.007577,36,0.003814,62
[USA],225.971989,119030,55.313488,0.24478028557778458,12856,0.10800638494497186,19.721447,2476,4.214061,1438,6.487154,1431,6.819812,2931
[UZB],4.019234,4342,0.657866,0.16367944737728632,461,0.10617227084292953,0.158269,335,0.349542,509,0.023044,95,0.002026,32
[VAT],0.003841,226,0.000562,0.14631606352512366,29,0.12831858407079647,1.9e-05,3,7e-06,4,,,1.9e-05,2
[VCT],0.124773,672,0.054796,0.4391655245926603,128,0.19047619047619047,0.003722,34,0.00144,35,0.000344,7,0.00025,6
[VEN],1.614384,3220,0.34029,0.21078628133083577,624,0.1937888198757764,0.255771,362,0.557466,364,0.031285,120,0.002211,47
[VGB],0.003639,148,0.000797,0.21901621324539708,38,0.25675675675675674,0.000555,18,0.000407,20,0.000147,5,0.000168,7
[VIR],0.025323,328,0.006079,0.24005844489199543,79,0.24085365853658536,0.00133,36,0.001449,22,0.000386,11,0.00096,10
[VNM],9.856671,9481,1.481069,0.150260569719736,1059,0.11169707836726084,1.420633,736,4.878619,952,0.827967,389,0.081167,97
[VUT],0.304999,982,0.108739,0.3565224804015751,190,0.1934826883910387,0.072947,161,0.0088,52,0.006478,11,0.000328,4
[WLF],0.004939,93,0.000165,0.0334075723830735,14,0.15053763440860216,8e-06,4,0.000812,16,,,,
[WSM],0.063337,264,0.005196,0.08203735573203656,51,0.19318181818181818,0.000384,23,0.011532,36,6.2e-05,3,0.000267,11
[XA],0.001187,31,1.5e-05,0.012636899747262006,3,0.0967741935483871,3e-06,2,0.000649,9,,,,
[XB],0.001994,109,3e-05,0.015045135406218655,7,0.06422018348623854,6.4e-05,2,5e-06,3,,,,
[XC],0.001269,36,4.6e-05,0.03624901497241923,4,0.1111111111111111,6.8e-05,3,3.8e-05,6,,,,
[XD],0.001094,41,1.4e-05,0.012797074954296161,4,0.0975609756097561,3.6e-05,4,2.3e-05,2,0.00012,2,,
[XE],0.004374,83,0.000277,0.06332876085962505,14,0.1686746987951807,9.9e-05,6,3.7e-05,6,0.00012,3,,
[XG],0.650369,638,0.476031,0.7319398679826375,111,0.17398119122257052,0.013424,32,0.002051,17,0.049293,22,4e-06,2
[XH],0.025356,328,0.000336,0.013251301467108376,27,0.08231707317073171,9.1e-05,10,9.4e-05,13,,,,
[XI],0.007462,127,0.000181,0.024256231573304747,8,0.06299212598425197,0.000363,6,0.004332,42,5.7e-05,1,,
[XJ],0.000863,69,0.000143,0.1657010428736964,5,0.07246376811594203,9.9e-05,5,6.3e-05,6,,,,
[XK],0.794758,2200,0.082523,0.10383412309155743,270,0.12272727272727273,0.050289,176,0.07542,153,0.004239,38,0.003316,64
[XL],0.000656,25,1e-05,0.015243902439024392,3,0.12,1.9e-05,1,1e-05,3,,,,
[XM],0.000961,46,6e-06,0.006243496357960458,1,0.021739130434782608,,,0.000139,8,,,1e-06,1
[XN],0.000529,28,7e-06,0.013232514177693763,3,0.10714285714285714,0.00018,3,3.3e-05,4,,,,
[XO],0.000928,59,1.3e-05,0.014008620689655171,3,0.05084745762711865,0.000283,1,7e-06,2,,,,
[XP],0.003888,138,3.3e-05,0.008487654320987656,8,0.057971014492753624,9e-05,7,0.00032,15,2e-06,1,1.6e-05,1
[XQ],0.000226,16,,,,,2.1e-05,1,3.3e-05,1,,,,
[XR],0.004786,127,9.5e-05,0.01984956122022566,18,0.14173228346456693,0.000446,16,0.001028,22,6e-06,4,,
[XS],0.001234,70,0.000251,0.20340356564019446,17,0.24285714285714285,3.8e-05,3,8.4e-05,5,,,4.7e-05,1
[XT],0.001032,39,9.1e-05,0.08817829457364341,6,0.15384615384615385,1e-05,1,0.000104,5,,,,
[XU],0.004271,107,8.2e-05,0.019199250760945915,5,0.04672897196261682,0.000194,7,0.001165,14,3e-06,1,,
[XW],1.285917,1814,0.024837,0.019314621394693438,144,0.07938257993384785,0.007496,59,0.004054,46,0.000468,20,0.00025,11
[XX],0.000341,21,1.8e-05,0.05278592375366569,2,0.09523809523809523,6e-06,3,1.3e-05,4,,,,
[XY],0.018724,83,0.001109,0.05922879726554155,23,0.27710843373493976,0.001529,18,0.002451,18,0.012223,13,,
[XZ],0.005529,124,0.000104,0.01880991137637909,5,0.04032258064516129,9e-06,2,1.2e-05,2,,,,
[YEM],1.189385,3279,0.337984,0.28416702749740413,270,0.08234217749313816,0.068032,152,0.355318,287,0.008655,37,0.000386,11
[ZAF],9.682635,10287,0.623152,0.06435768775751642,1235,0.12005443763973948,2.435622,1187,1.179717,1023,0.051174,247,0.064951,346
[ZMB],6.69022,17516,0.515562,0.07706203981333946,616,0.035167846540306004,0.282724,339,2.4674,817,0.053695,99,0.001802,43
[ZWE],0.941459,3142,0.170821,0.1814428456257787,374,0.11903246339910885,0.04119,184,0.28948,382,0.005035,39,0.001121,18
